col_0,col_1,col_2,col_3,col_4,col_5,col_6,col_7,col_8,col_9,col_10
2e3111bc-ff96-4ea6-bb60-f6019ecda28f,\N,2023-11-04 21:41:20.323982,\N,2023-11-04 21:41:20.324022,N1,,Dépôt espèce (Premier Cash IN),t,Cash Out,C
19308d21-83f0-4ca0-9fa5-0574e9c7b571,\N,2023-11-04 21:41:20.461904,\N,2023-11-04 21:41:20.461921,N1,,Contre-partie Dépôt espèce,t,Cash Out,D
15b14140-1e33-45a0-95ae-dedb35ba9836,\N,2023-11-04 21:41:20.48954,\N,2023-11-04 21:41:20.489557,AP,,Paiement facture,t,Paiement facture,D
3475f616-f096-447b-ac88-c63d8b6d37ab,\N,2023-11-04 21:41:20.509037,\N,2023-11-04 21:41:20.509053,UL,,Retrait espèce (Cash OUT),t,Cash In,D
4a59270b-57fa-4716-8818-6fb54cb3cc82,\N,2023-11-04 21:41:20.524226,\N,2023-11-04 21:41:20.524241,UL,,Contre-partie Retrait espèce,t,Cash In,C
943725aa-d45d-4450-89a4-8035698fda43,\N,2023-11-04 21:41:20.549499,\N,2023-11-04 21:41:20.549515,AP_MOBILE,,Paiement assisté facturier,t,Recharge téléphonique,D
4c43c1c3-9da1-45dc-af7a-4c79e8508a6c,\N,2023-11-04 22:22:53.618843,\N,2023-11-04 22:22:53.618856,N3,\N,Alimentation Compte par Carte,f,Alimentation Compte par Carte,C
7f7d04cb-d8b4-4764-bccf-013d76b25533,\N,2023-11-04 22:22:53.810547,\N,2023-11-04 22:22:53.810561,F5,\N,Frais sur paiement assiste,f,Frais sur paiement assiste,D
864989b6-91e8-4922-ad82-4af71434b43f,\N,2023-11-04 22:22:54.806724,\N,2023-11-04 22:22:54.806739,P5,\N,Emission paiement Confrere,f,Emission paiement Confrere,D
00008812-d4b2-43fd-83a8-9851e9fe37ef,\N,2024-01-16 20:49:43.712328,\N,2024-01-16 20:49:43.73812,RA,\N,-RA-MTO Virement,f,RA-MTO Virement,D
4c0fa6ee-80a0-401a-a307-62d29db1119d,\N,2024-01-22 08:48:47.802515,\N,2024-01-22 08:48:47.802518,TR,\N,Trans RIA cash,f,Trans RIA cash,D
2b966f34-3edb-474c-bccf-b5ba5b3959d3,\N,2023-11-04 22:22:54.49028,\N,2024-03-03 17:55:51.397789,U2,\N,MandatExpress IN Especes,f,Ta7weel Cash,D
c3343865-5689-437e-984e-ce93f0349c9a,\N,2024-02-22 11:18:42.899122,\N,2025-02-24 10:26:09.013074,FE,\N,Frais sur Virement,f,Frais sur Virement,D
f5989bbb-def4-401e-b500-a4a2937f2cf0,\N,2023-11-06 07:48:18.314722,\N,2023-11-06 07:48:18.314724,F5,\N,Redressement frais sur paiement assiste,f,Redressement frais sur paiement assiste,C
2d399b37-1796-4079-995b-01c65941f4be,\N,2023-11-06 07:48:18.317122,\N,2023-11-06 07:48:18.317123,AP,\N,Redressement paiement facture,f,Redressement paiement facture,C
8defcab7-126e-48eb-9d3d-8a87324c4d86,\N,2023-12-06 13:30:35.400725,\N,2024-04-01 11:19:28.551615,13,\N,Rev Chargement Agent propre Classic,f,Chargement Agent propre Classic,C
ab8d198a-c6f6-4ec0-b22f-d85316c2758a,\N,2023-11-04 22:22:53.859909,\N,2025-08-26 04:00:36.432811,P2,\N,Reception paiement ONUS,f,Reception paiement ONUS,C
4a83b53a-1f1a-4ed4-ad98-2b13ac9004be,\N,2023-11-04 22:22:53.731921,\N,2025-10-01 13:55:37.44171,P1,\N,Emission paiement,f,émission paiement commerçant,D
c3fef985-8ecb-4e81-adbb-7952678e2910,\N,2023-11-04 22:22:55.150878,\N,2024-03-03 17:55:51.406905,U2,\N,Annulation MandatExpress IN Especes,f,Annulation Ta7weel Cash,C
98f06f65-78e3-4d2a-a780-7c23a70b1ffa,\N,2023-11-04 22:22:57.602322,\N,2025-12-10 09:17:27.923739,FC,\N,Rev Frais c2c emis,f,Rev Frais Ta7weel Cash emis,C
6e79941b-1263-4940-875a-f3716d6589c6,\N,2023-11-05 21:16:24.097624,\N,2023-11-05 21:16:24.097644,E1,\N,Souscription client,f,Souscription client,D
5cb4d234-a097-47ae-881e-3ba100ba4bca,\N,2023-11-04 22:22:55.818028,\N,2025-12-10 09:12:30.317978,FB,\N,Frais transfert c2c recu,f,Frais Notif Ta7weel cash,D
cedf581e-ae10-4891-b8e1-81a13f47c0fd,\N,2023-12-13 13:41:05.717987,\N,2023-12-13 13:41:05.71799,CW,\N,commission WU,f,commission WU,C
ccfd788f-bf50-44aa-a076-302bbe6651eb,\N,2023-12-14 15:24:21.679826,\N,2023-12-14 15:24:21.679828,CM,\N,commission RIA,f,commission RIA,C
d897b497-755e-41aa-b2b8-bc66b356b44b,\N,2024-04-01 22:57:43.992265,\N,2024-04-01 22:57:43.992268,PY,\N,IZI Cash E,f,IZI Cash E,D
f431af1d-81fb-4097-9814-43c3ec29bdbb,\N,2023-11-10 15:53:41.677443,\N,2024-06-06 21:05:08.002628,WC,\N,AG_TO_AG-Transfert_WU_cash,f,Transfert_WU_cash,C
1ce10043-460e-42ad-aa09-c78780106d0b,\N,2024-02-08 15:05:57.569096,\N,2024-02-08 15:05:57.569099,GM,\N,Transfert_MG_cash,f,Transfert_MG_cash,C
2bdc1c49-f8f9-477d-a3c4-eb0441dcd165,\N,2023-11-15 13:11:59.666832,\N,2023-11-15 13:11:59.666834,07,\N,Rev chargement compte agent,f,Rev chargement compte agent,D
225b4e88-1547-4eaf-9b1f-cdd5614c32ed,\N,2023-11-04 22:22:54.092792,\N,2023-11-05 21:16:23.798375,P4,\N,Reception paiement OFFUS,f,Reception paiement OFFUS,C
d09ce82f-2a91-4981-b93b-ced16c1aa181,\N,2023-11-04 22:22:54.626878,\N,2024-03-03 17:55:51.428444,N4,\N,MandatExpress Out Wallet,f,Ta7weel Cash recu,C
eb8432d9-a705-4875-ba87-adbb2877929f,\N,2023-12-25 08:08:56.001624,\N,2023-12-25 08:08:56.001627,14,\N,14-Dechargement Agent propre Classic,f,14-Dechargement Agent propre Classic,D
bc998d28-4ecc-451d-b451-5f903e39ece5,\N,2024-02-01 14:44:53.804848,\N,2024-02-01 14:44:53.804852,RC,\N,Transfert international ,f,Transfert international ,C
86d5caa4-5fbb-4c4c-a4d7-1420ab9e3f5f,\N,2023-11-04 22:22:57.605915,\N,2025-12-10 09:17:27.949341,FB,\N,Rev Frais notification c2c emis,f,Rev Frais Notif Ta7weel cash ,C
3b9a447a-6c3d-4060-aad4-65dd873d4b76,\N,2023-12-01 09:55:26.627308,\N,2023-12-01 09:55:26.62731,RT,\N,Transfert_RIA_cash,f,Transfert_RIA_cash,C
07997e91-a0fd-4b82-9b73-e9bbd09ecba2,\N,2024-02-08 15:07:44.537089,\N,2024-02-08 15:07:44.537091,MG,\N,Trans MG cash,f,Trans MG cash,D
e9f605bd-6e08-4b11-8337-1a1ef634b4d8,\N,2024-03-08 09:50:21.801464,\N,2024-03-08 09:50:21.801466,FR,\N,Frais sur Virement reçu agt,f,Frais sur Virement reçu agt,D
f019a81f-977b-43ba-8619-6787b0b999f8,\N,2024-01-11 08:39:27.696827,\N,2024-01-11 08:39:27.69683,04,\N,Rev Credit Agent Mand,f,Rev Credit Agent Mand,D
acc37893-6aca-4e6e-92f7-e07baf19c3a2,\N,2023-11-04 22:22:53.551494,\N,2025-08-28 11:16:52.188948,07,\N,Ajustement Credit,f,Chargement compte agent,C
385e4bab-fc35-48dd-927e-76898533f64b,\N,2024-11-17 18:23:04.273483,\N,2024-11-17 18:23:04.273487,91,\N,PAIEMENT NFC,f,PAIEMENT NFC,C
39de1d22-4375-4582-a0dd-92944f88cc9a,\N,2024-01-16 09:33:11.287917,\N,2024-01-16 09:33:11.287924,S5,\N,Virement Recu Agent,f,Virement Recu Agent,C
0028f108-4b95-442a-b16d-f82ac391f9de,\N,2023-11-04 22:22:53.708971,\N,2025-08-28 11:16:52.184969,03,\N,Debit Agent Mandatte,f,transfert inter agent,D
aec26ced-54c2-4c1f-8990-36ef0cc14c8b,\N,2024-03-03 16:51:23.480461,\N,2024-03-03 16:51:23.480484,N3,\N,Redressement alimentation,f,Redressement alimentation,D
1b404a03-df61-4c55-91f5-2b14c2652bf0,\N,2023-11-04 22:22:54.052184,\N,2024-10-17 13:59:59.60038,E1,\N,Souscription client,f,Souscription client,C
3d001976-545a-4b84-b723-8d7d87ea72ce,\N,2023-11-10 15:56:42.201211,\N,2024-05-21 11:44:23.460107,WD,\N,AG_TO_AG-Trans WU cash,f,Rev Trans WU cash,C
ac058bf2-2c95-4658-8594-a511676d68ee,\N,2023-11-20 14:16:24.097197,\N,2023-11-20 14:16:24.097198,S2,\N,Reception trans offus,f,Reception trans offus,C
c4597f53-73ef-465e-8b07-defb6e641348,\N,2024-02-28 14:03:17.56443,\N,2024-02-28 14:03:17.564432,F9,\N,Frais sur Cash OUT,f,Frais sur Cash OUT,D
39306819-1d72-4075-817c-c2f48263a52f,\N,2023-11-04 22:22:53.865764,\N,2025-12-24 16:40:21.643043,B2,\N,COMMISSION ONUS,f,Reception paiement ONUS,D
0af0a320-f11c-4ebd-ba74-0f6f674c28e5,\N,2023-11-04 22:22:55.806591,\N,2024-03-12 09:17:50.921047,FC,\N,Frais transfert c2c emis,f,Frais Ta7weel Cash emis,D
b4178e24-7fa6-4014-9543-dddf1deb0fe7,\N,2023-11-04 22:22:53.696951,\N,2024-03-03 17:55:51.333669,F8,\N,Frais_transfert_assiste_agent,f,Frais_transfert_assiste_agent,D
43462682-a49f-4708-9ae7-78ebde81532a,\N,2023-11-10 16:02:43.1695,\N,2024-11-14 00:00:35.573992,WD,\N,AG_TO_AG-Trans WU cash,f,Trans WU cash,D
0bb21e0e-28ed-4388-b396-fcccf96a79f2,\N,2024-04-01 23:09:11.112422,\N,2024-04-01 23:09:11.112424,L4,\N,Collecte Cash recu,f,Collecte Cash recu,C
4aa1c51a-9056-44d3-866f-e3b7204a748d,\N,2024-02-28 14:15:32.035686,\N,2024-02-28 14:15:32.035689,T2,\N,Reception transfert,f,Reception transfert,C
fbce0549-c986-4263-a769-40e500c112b7,\N,2024-04-01 23:10:23.884915,\N,2024-04-01 23:10:23.884918,L2,\N,Collecte Cash,f,Collecte Cash,D
23800d11-15c0-4deb-b0f6-f74ef8cee2a0,\N,2024-04-01 23:10:23.88752,\N,2024-04-01 23:10:23.887521,LC,\N,Frais collecte Cash emis,f,Frais collecte Cash emis,D
00799cfd-5f72-4753-a79f-3a3f4f635140,\N,2024-04-01 23:11:35.632025,\N,2024-04-01 23:11:35.632027,FY,\N,Frais IZI Cash emis,f,Frais IZI Cash emis,D
79836b84-39bb-410a-a74f-a751a7038bab,\N,2024-01-22 08:48:47.791471,\N,2024-09-26 13:52:01.240714,FA,\N,Frais sur MTO ACCOUNT,f,Frais TERRAPAY,D
02fa5898-7592-476a-98bf-ed6271f8edb5,\N,2023-11-05 21:16:24.06277,\N,2024-05-03 16:29:29.016743,B2,\N,COMMISSION OFFUS,f,Rev PPD CR PYMNT,C
b8751543-a5d1-4461-b852-30ecdc75b55d,\N,2024-02-22 10:32:27.533115,\N,2024-06-20 13:21:44.298134,OC,\N,Trans_OLEA_cash,f,MY EASY Trans,C
e9b255f4-6819-4dc8-aa09-789ac6c169f0,\N,2024-02-01 14:44:53.813198,\N,2024-10-29 13:57:36.820616,RD,\N,Transfert international ,f,Transfert OLEA WALLET,D
04b28e61-82e3-4e87-9399-1af13c37818b,\N,2023-11-05 21:16:23.791072,\N,2025-11-06 04:01:49.312029,06,\N,Dechargement agent mandate,f,06-Dechargement Agent Mandatte,D
b5727abf-9c83-4627-ac0c-78ecf771a617,\N,2024-01-15 15:28:26.51501,\N,2024-09-18 08:09:50.596201,T5,\N,Debit Trsf cc to wallet,f,Virement Emis Agent,D
bace0a67-5140-4d7c-8fa6-444ea20acc7e,\N,2023-11-04 22:22:53.682298,\N,2025-08-30 04:00:23.770706,TA,\N,TRA ASS,f,Transfert Assisté,D
42f25b6d-5941-4928-8e72-74507cdd1778,\N,2024-02-07 09:09:11.104944,\N,2024-11-26 10:45:53.911919,WC,\N,Rev Trans_WU_cash,f,Rev Trans_WU_cash,D
87747765-7e37-4cb3-a25a-8d49a6676c84,\N,2024-04-30 14:56:50.716932,\N,2024-04-30 14:56:50.716933,FE,\N,Rev Frais sur Virement,f,Rev Frais sur Virement,C
9f047db4-9dc6-4707-8acb-1821ce189173,\N,2024-04-30 14:56:50.720827,\N,2024-04-30 14:56:50.720829,T5,\N,Rev Virement Emis Agent,f,Rev Virement Emis Agent,C
26229a85-7809-49b9-837b-86ffee84f28f,\N,2024-05-02 09:30:35.602115,\N,2024-05-02 09:30:35.602119,PY,\N,Annulation IZI Cash E,f,Annulation IZI Cash E,C
44bd13a7-cebf-4daf-b7c5-6437307d8945,\N,2024-05-03 16:29:29.013146,\N,2024-05-03 16:29:29.013149,P2,\N,R Reception paiement ONUS,f,R Reception paiement ONUS,D
e2a87ad2-39ed-43ba-99ff-f389c5b3bce6,\N,2024-05-03 16:29:29.02351,\N,2024-05-03 16:29:29.023512,L4,\N,Annulation Collecte Cash recu,f,Annulation Collecte Cash recu,D
1e8f0e81-f2ba-44f6-959d-8730e398f409,\N,2024-05-04 00:24:47.586192,\N,2024-05-04 00:24:47.586195,TN,\N,PAIEMENT NETY,f,PAIEMENT NETY,C
d7d7c180-0b5b-4283-8195-eeba7a754e24,\N,2024-05-04 00:24:47.59291,\N,2024-05-04 00:24:47.592913,NF,\N,Frais PAIEMENT NETY,f,Frais PAIEMENT NETY,D
813b3d91-48b0-425d-b3fa-b1e3c395c6c4,\N,2024-05-04 09:51:11.610521,\N,2024-05-04 09:51:11.610522,GM,\N,Rev Trans_MG_cash,f,Rev Trans_MG_cash,D
36428418-d603-4c45-b0ab-a14b6d84f8d9,\N,2024-05-06 15:46:26.1291,\N,2024-05-06 15:46:26.129106,GF,\N,GESTION FLOTTES,f,GESTION FLOTTES,D
c8860a15-1985-4125-acf2-d57d1e481f11,\N,2024-05-10 08:55:42.292122,\N,2024-05-10 08:55:42.292132,NT,\N,PAIEMENT NETY,f,PAIEMENT NETY,D
626ccbff-8dca-44b1-af50-8b910298db9f,\N,2024-05-10 10:01:25.669099,\N,2024-05-10 10:01:25.669103,NT,\N,Annulation PAIEMENT NETY,f,Annulation PAIEMENT NETY,C
ec9c8d4e-06e2-42d9-86ce-0b8addc5bb14,\N,2024-05-13 10:07:30.641122,\N,2024-05-13 10:07:30.641123,AP_MOBILE,\N,Redressement paiement facture,f,Redressement paiement facture,C
a683da9d-08ff-45de-80dc-b25d25699940,\N,2024-05-13 10:07:30.676951,\N,2024-05-13 10:07:30.676953,NF,\N,Rev F PAIEMENT NETY,f,Rev F PAIEMENT NETY,C
6426ba41-bb6a-4167-80d8-4b35d2753949,\N,2024-05-13 10:07:30.680228,\N,2024-05-13 10:07:30.68023,TN,\N,Annulation PAIEMENT NETY,f,Annulation PAIEMENT NETY,D
fe7438ed-288b-45f8-8456-71dcfaf2624d,\N,2024-06-03 11:32:11.03023,\N,2024-06-03 11:32:11.030232,MG,\N,Rev Trans MG cash,f,Rev Trans MG cash,C
4b957f7c-b081-456c-b03e-f0326550d70a,\N,2024-06-05 09:32:47.119483,\N,2024-06-05 09:32:47.119485,FY,\N,Rev F IZI Cash emis,f,Rev F IZI Cash emis,C
a47630bf-196b-481c-ad3f-877702436d90,\N,2024-04-01 22:45:00.645561,\N,2024-06-05 09:32:47.137934,DP,\N,IZI Cash recu,f,reception IZI Cash,C
b84bbc07-3381-4b6d-bd33-f4b736edf4e5,\N,2024-04-29 13:26:55.742561,\N,2024-06-05 09:32:47.14346,DP,\N,Annulation Collecte Cash recu,f,A reception IZI Cash,D
8736ac2d-f0bc-4b4e-bd56-89a436fa2aa2,\N,2024-10-17 09:06:51.665541,\N,2024-10-17 09:06:51.665543,06,\N,R Dechargement Agent  Mandate,f,R Dechargement Agent  Mandate,C
1cebd871-c183-4590-b134-69bbebd0383b,\N,2024-06-06 16:56:21.15996,\N,2024-06-06 16:56:21.159963,TR,\N,Rev Trans RIA cash,f,Rev Trans RIA cash,C
45cea029-cb1f-4941-85f6-a6fe032b0480,\N,2024-06-06 16:56:21.167722,\N,2024-06-06 16:56:21.167724,RA,\N,Rev RA-MTO Virement,f,Rev RA-MTO Virement,C
89bc462f-3a78-44f6-9ae3-4d42731e3e0b,\N,2024-10-29 13:57:36.720943,\N,2024-10-29 13:57:36.720945,FU,\N,FRAIS OLEA_cash,f,FRAIS OLEA_cash,D
69b1b8a0-9336-4958-abc1-6553db30655b,\N,2024-06-19 11:08:53.36815,\N,2024-06-19 11:08:53.368155,RD,\N,Rev Trans international ,f,Rev Trans international ,C
fe8aa0ef-090b-4cac-bf26-eef33dcf3c2e,\N,2024-05-21 11:44:23.45526,\N,2024-06-19 11:08:53.423861,OD,\N,Trans OLEA cash,f,MY EASY Trans,D
8589f8d6-72f4-41b4-a7d7-bed2da2ef40d,\N,2024-06-19 11:08:53.413972,\N,2024-06-19 11:08:53.428416,OD,\N,Rev Trans OLEA cash,f,Rev MY EASY Trans,C
3ee7f274-03ca-4958-80ee-e05278a3da17,\N,2024-06-12 17:00:08.450486,\N,2024-06-20 13:21:44.304079,OC,\N,Rev Trans_OLEA_cash,f,Rev MY EASY Trans,D
33caf298-355c-4265-9644-55b246a75e2b,\N,2024-10-29 13:57:36.727402,\N,2024-10-29 13:57:36.727404,OL,\N,OLEA_cash,f,OLEA_cash,D
bdaa6177-9f6a-44fc-9828-7ac2c09e8454,\N,2024-06-25 16:32:39.377399,\N,2024-06-25 16:32:39.377403,FL,\N,FRAIS MY EASY TRANSFERT,f,FRAIS MY EASY TRANSFERT,D
b53daa33-702e-483c-9189-1135771e30f9,\N,2024-06-30 03:12:32.202838,\N,2024-06-30 03:12:32.202842,F0,\N,Frais GESTION FLOTTES,f,Frais GESTION FLOTTES,D
5b13637e-88ec-45e8-bb49-a9a2affa5ec2,\N,2024-07-03 12:42:23.94186,\N,2024-07-03 12:42:23.941863,YC,\N,PAIEMENT NETY,f,PAIEMENT NETY,C
c3f7873f-d3dd-47ba-92b8-17364ba0493e,\N,2024-07-03 12:50:13.698713,\N,2024-07-03 12:50:13.698716,FN,\N,Frais PAIEMENT NETY,f,Frais PAIEMENT NETY,D
0a48f8ee-e672-4e78-8a5b-62a780407482,\N,2024-07-07 07:45:27.926615,\N,2024-07-07 07:45:27.926618,YC,\N,Rev PAIEMENT NETY,f,Rev PAIEMENT NETY,D
a944bc6e-aa20-408a-b484-7836dba0c705,\N,2024-07-07 07:45:27.934042,\N,2024-07-07 07:45:27.934044,FN,\N,R Frais  PAIEMENT NETY,f,R Frais  PAIEMENT NETY,C
bd972f45-5f45-435a-9a69-ac9c2c97ae6e,\N,2024-07-11 11:47:29.87291,\N,2024-07-11 11:47:29.872923,CO,\N,Commission sur Cash OUT,f,Commission sur Cash OUT,C
09f180f3-28d0-4d5c-be69-21878866fcc9,\N,2024-07-11 11:47:29.917515,\N,2024-07-11 11:47:29.917524,CT,\N,Commission sur transfert,f,Commission sur transfert,C
0a36db45-7909-4648-9d9c-6f30401eaa86,\N,2024-07-11 11:47:29.965523,\N,2024-07-11 11:47:29.96553,CC,\N,commission Ta7weel Cash ,f,commission Ta7weel Cash ,C
a5388ae8-29cc-4252-93ae-3751d3b23dfb,\N,2024-07-11 12:26:41.434668,\N,2024-07-11 12:26:41.434675,CP,\N,Commission sur Paiement,f,Commission sur Paiement,C
54831c29-b62d-4bd3-a385-97f9e159417e,\N,2024-07-11 12:26:41.440222,\N,2024-07-11 12:26:41.440226,CC,\N,R commission Ta7weel Cash,f,R commission Ta7weel Cash,D
4f8d5ffa-5723-4039-9786-b2a5f334f090,\N,2024-07-16 09:45:21.691183,\N,2024-07-16 09:45:21.691186,CH,\N,commission collecte Cash ,f,commission collecte Cash ,C
36dac340-bdbb-4438-8959-67ee99e511cf,\N,2024-07-19 10:03:37.902091,\N,2024-07-19 10:03:37.902093,CN,\N,commission  PAIEMENT NETY,f,commission  PAIEMENT NETY,C
951a69bb-ee93-421d-8259-7687c2b5c1cd,\N,2024-07-19 10:03:37.905604,\N,2024-07-19 10:03:37.905606,LA,\N,Réservation change,f,Réservation change,D
ea8f2422-c284-4fc7-8ce1-d4ebd90f5669,\N,2024-07-19 10:03:37.913442,\N,2024-07-19 10:03:37.913444,AL,\N,Réservation change,f,Réservation change,D
dcb4dee9-3ede-448a-96ca-d74a67d604eb,\N,2024-07-19 10:03:37.916437,\N,2024-07-19 10:03:37.916439,LA,\N,Réservation change,f,Réservation change,C
7bb82a04-b953-4552-8376-fbf07eaccbe1,\N,2024-07-23 09:56:11.037699,\N,2024-07-23 09:56:11.037701,LO,\N,OLEA_cash,f,OLEA_cash,C
5decbfdd-a079-4297-9387-6d9d55f249ee,\N,2024-07-30 14:10:44.795104,\N,2024-07-30 14:10:44.795107,N2,\N,Cash in,f,Cash in,C
362bff10-0739-4c17-97c2-4a0e838e2cc4,\N,2024-07-30 14:10:44.79939,\N,2024-07-30 14:10:44.799392,DT,\N,Reception transfert,f,Reception transfert,C
27071432-0839-4d34-9c86-665360bd0e72,\N,2024-08-02 08:22:23.780984,\N,2024-08-02 08:22:23.780985,CY,\N,commission  IZI Cash ,f,commission  IZI Cash ,C
96df9633-612b-43e9-bf9d-70fcc63d363e,\N,2024-05-03 10:08:40.484868,\N,2024-08-06 09:45:50.683177,RT,\N,Rev Trans_RIA_cash,f,Rev Trans_RIA_cash,D
af7d2307-617b-4d2c-839e-a7c62e8929e9,\N,2024-09-16 16:24:02.02651,\N,2024-09-16 16:24:02.026513,CM,\N,A commission RIA,f,A commission RIA,D
886d3bed-159e-4945-8665-25bef5a5ca2d,\N,2024-06-06 16:56:21.165785,\N,2024-09-26 13:52:01.246972,FA,\N,Rev Frais sur MTO ACCOUNT,f,Rev Frais TERRAPAY,C
07e3f7c6-436a-4c0e-af5a-7087cabe87ce,\N,2024-09-30 14:31:43.040946,\N,2024-09-30 14:31:43.040948,FG,\N,GESTION  FLOT,f,GESTION  FLOT,C
45c02481-59c2-4877-8c0d-fdcfab347319,\N,2024-10-03 11:02:23.133142,\N,2024-10-03 11:02:23.133144,3C,\N,EMISSION TA7WEEL,f,EMISSION TA7WEEL,C
8bfed103-33e5-41a8-bc66-5bc5f6e15fc8,\N,2024-10-03 16:02:35.428555,\N,2024-10-03 16:02:35.428557,3C,\N,Rev EMISSION TA7WEEL,f,Rev EMISSION TA7WEEL,D
0313c845-9a3e-4840-ab4d-28d8062cb8b1,\N,2024-10-04 09:30:34.590876,\N,2024-10-04 09:30:34.590878,R7,\N,RECEPTION TA7WEEL CASH,f,RECEPTION TA7WEEL CASH,D
1172b8ed-05aa-4792-bf48-7a3ff6b56ee0,\N,2024-10-04 09:30:34.596652,\N,2024-10-04 09:30:34.596653,R3,\N,RECEPTION TA7WEEL CASH,f,RECEPTION TA7WEEL CASH,C
08ed2f88-9b87-4c5f-989c-f97a64654b52,\N,2024-10-16 14:09:38.129762,\N,2024-10-16 14:09:38.129765,11,\N,Credit Agent Mandatte,f,Credit Agent Mandatte,C
65c541a6-013f-4f42-a154-e0e05162eeb4,\N,2024-10-29 13:57:36.817652,\N,2024-10-29 13:57:36.817653,FO,\N,Frais Transfert OLEA WALLET,f,Frais Transfert OLEA WALLET,D
5a3e1ebf-c2d0-41be-861f-6ae0e397330a,\N,2024-10-29 13:57:36.828122,\N,2024-10-29 13:57:36.828123,VO,\N,OLEA Virement,f,OLEA Virement,D
a21510a0-9e6c-4b2e-9237-edf8f2eeba96,\N,2024-10-29 13:57:36.829887,\N,2024-10-29 13:57:36.829887,OV,\N,Frais OLEA VIR,f,Frais OLEA VIR,D
da06b4b5-485e-4ab8-b2b5-db6c538cb7b3,\N,2024-10-29 13:57:36.831848,\N,2024-10-29 13:57:36.831848,VO,\N,Rev OLEA Virement,f,Rev OLEA Virement,C
88304276-0a34-478f-a30c-9aeadbc016d4,\N,2024-10-29 13:57:36.833462,\N,2024-10-29 13:57:36.833463,OV,\N,Rev Frais OLEA VIR,f,Rev Frais OLEA VIR,C
f727127d-218e-4dc8-80a8-9f1dad35ca8f,\N,2024-11-14 00:00:55.144355,\N,2024-11-14 00:00:55.144357,14,\N,Rev Dech. Agent propre Classic,f,Rev Dech. Agent propre Classic,C
3616be3a-4d52-4fbc-9cc9-dae4bfc97629,\N,2024-11-16 12:18:39.559102,\N,2024-11-16 12:18:39.559105,TP,\N,PAIEMENT topnet,f,PAIEMENT topnet,C
1461b464-fa44-477a-90c3-a9d68acdf29a,\N,2024-11-16 12:19:57.520939,\N,2024-11-16 12:19:57.520941,PI,\N,PAIEMENT TOPNET,f,PAIEMENT TOPNET,D
fa53fc25-0642-4dc3-84b7-b9fda5cf11cb,\N,2024-11-16 12:19:57.523828,\N,2024-11-16 12:19:57.523831,FT,\N,Frais PAIEMENT TOPNET,f,Frais PAIEMENT TOPNET,D
e34421be-76e0-42c6-90ed-2433dbc8dce2,\N,2024-11-16 12:20:23.062923,\N,2024-11-16 12:20:23.062926,TO,\N,PAIEMENT ATOME,f,PAIEMENT ATOME,D
a5009fc9-7138-407b-8e6d-ae918b42dbce,\N,2024-11-16 12:20:43.906717,\N,2024-11-16 12:20:43.90672,FM,\N,Frais PAIEMENT ATOME,f,Frais PAIEMENT ATOME,D
5aac9fdc-58ba-428b-9bf8-28ae75d6a89a,\N,2024-11-16 12:20:43.909184,\N,2024-11-16 12:20:43.909186,AT,\N,PAIEMENT ATOME,f,PAIEMENT ATOME,C
0ca89f95-4c6f-40d5-9e6e-dbbd55b262b4,\N,2024-11-17 18:25:01.73498,\N,2024-11-17 18:25:01.734983,92,\N,Frais PAIEMENT NFC,f,Frais PAIEMENT NFC,D
e4297e1c-2288-4f7f-a9dc-4983e577ed0b,\N,2024-11-17 18:25:01.738303,\N,2024-11-17 18:25:01.738305,90,\N,PAIEMENT NFC,f,PAIEMENT NFC,D
0e6faafb-7845-4788-b6cf-535ba4c1c78e,\N,2024-11-18 00:00:33.628864,\N,2024-11-18 00:00:33.628867,96,\N,Frais Transfert MG WALLET,f,Frais Transfert MG WALLET,D
f251c963-9248-45fa-9320-c2b81c7e8dfb,\N,2024-11-18 00:00:33.65368,\N,2024-11-18 00:00:33.653683,94,\N,Transfert MG WALLET,f,Transfert MG WALLET,D
5cf6c52e-9a92-4d9a-bc38-d4b3dda51594,\N,2024-11-21 16:17:11.995952,\N,2024-11-21 16:17:11.995953,TO,\N,Annulation PAIEMENT ATOME,f,Annulation PAIEMENT ATOME,C
dcf86d13-fad8-4fa6-9ebe-8f68675fdf78,\N,2024-11-22 00:00:32.70752,\N,2024-11-22 00:00:32.716217,AT,\N,Annulation PAIEMENT ATOME,f,Annulation PAIEMENT ATOME,D
f8cc7baf-0b16-4f86-802a-ef75e4eaed50,\N,2024-11-22 00:00:32.713257,\N,2024-11-22 00:00:32.718836,FM,\N,Rev F PAIEMENT ATOME,f,Rev F PAIEMENT ATOME,C
16435643-bb2e-416f-8db2-6163086a7a0e,\N,2024-12-12 00:00:30.810565,\N,2024-12-12 00:00:30.810571,RV,\N,reception voucher téléphonique,f,reception voucher téléphonique,C
2db6c38c-b0c8-4dd6-8939-4dcdefc51647,\N,2024-12-12 00:00:30.805587,\N,2024-12-12 00:00:30.815134,VR,\N,Voucher téléphonique,f,Voucher téléphonique,D
53a01fd2-7b54-4c31-996d-0df1fe239484,\N,2024-12-23 15:09:58.861959,\N,2024-12-23 15:09:58.86196,13,\N,13-Chargement Agent propre Classic,f,13-Chargement Agent propre Classic,D
326a0d64-df55-4e93-8f15-010bf4b82187,\N,2025-01-05 00:00:23.405826,\N,2025-01-05 00:00:23.405828,CG,\N,Cash OUT GAB A,f,Cash OUT GAB A,D
bfeaed5f-2d0f-4fd4-889b-de6f8c1ae540,\N,2025-06-27 10:35:00.308364,\N,2025-06-27 10:35:00.308366,7F,\N,Frais EMISSION TA7WEEL,f,Frais EMISSION TA7WEEL,C
0169c56a-c8bc-4d8f-b353-aea7c35a8150,\N,2025-03-01 00:00:24.247461,\N,2025-03-01 00:00:25.425485,PI,\N,Annulation PAIEMENT TOPNET,f,Annulation PAIEMENT TOPNET,C
01e42f7a-33ae-45a6-8447-956b94e3b5f8,\N,2025-05-21 00:00:47.396049,\N,2025-05-21 00:00:47.413548,TX,\N,Rev PAIEMENT STA,f,Rev PAIEMENT STA,C
fcabdc60-b76d-4137-89a8-bf68d21a9e7c,\N,2025-03-01 00:00:43.16467,\N,2025-03-01 00:00:43.577046,TP,\N,Annulation PAIEMENT topnet,f,Annulation PAIEMENT topnet,D
7d7c0b64-2ea1-4042-9334-bae441e10637,\N,2025-03-29 00:00:56.588175,\N,2025-03-29 00:00:56.629202,VM,\N,MG Virement,f,MG Virement,D
a5eba02b-68f9-4441-a0fb-7b1e95a66200,\N,2025-03-29 00:00:56.631781,\N,2025-03-29 00:00:56.631782,VM,\N,Rev MGVirement,f,Rev MGVirement,C
a0f3b202-3d88-4893-b5d3-db3613b7cc4a,\N,2025-06-25 00:00:33.227676,\N,2025-06-25 00:00:33.346966,VT,\N,RECHARGE TT,f,RECHARGE TT,D
18de5279-60d1-40f0-bb68-54b29d6f1ba8,\N,2025-04-19 00:00:55.833231,\N,2025-04-19 00:00:55.838675,PS,\N,PAIEMENT SONEDE,f,PAIEMENT SONEDE,D
ec7cc707-d6f4-4246-879e-a83e1248666b,\N,2025-04-21 17:31:23.653146,\N,2025-04-21 17:31:23.653148,PS,\N,Rev PAIEMENT SONEDE,f,Rev PAIEMENT SONEDE,C
659ed6bc-38fd-4a46-92cd-c50653584a70,\N,2025-04-23 00:01:08.317693,\N,2025-04-23 00:01:08.324226,90,\N,PAIEMENT NFC,f,PAIEMENT NFC,C
18d91dd5-c8d6-46be-aa2f-acef75d15b54,\N,2025-05-02 10:38:30.534733,\N,2025-05-02 10:38:30.534737,FD,\N,Frais PAIEMENT SONEDE,f,Frais PAIEMENT SONEDE,D
07ba063e-a1fb-4fd9-87a7-243efcc55af2,\N,2025-05-13 09:45:52.576969,\N,2025-05-13 09:45:52.576971,ST,\N,PAIEMENT STEG,f,PAIEMENT STEG,D
92c5e0cd-0f1f-461f-8a87-c2bcab8e958e,\N,2025-05-22 10:31:00.480052,\N,2025-05-22 10:31:00.480054,ST,\N,Rev PAIEMENT STEG,f,Rev PAIEMENT STEG,C
c45a6c90-0d6b-41ba-a548-7c9f93f59f39,\N,2025-05-15 12:53:14.222637,\N,2025-05-15 12:53:14.222639,RO,\N,PAIEMENT  ORREDOO,f,PAIEMENT  ORREDOO,C
2d0d0c45-9941-42d9-9849-0f61d06c4a7b,\N,2025-05-15 14:40:40.95546,\N,2025-05-15 14:40:40.955461,OR,\N,PAIEMENT ORREDOO,f,PAIEMENT ORREDOO,D
be88db71-8011-4bca-abda-119ce6990519,\N,2025-05-15 16:33:06.731261,\N,2025-05-15 16:33:06.731263,LG,\N,PAIEMENT GLOVO,f,PAIEMENT GLOVO,C
c7e5d07c-1e32-44bc-afcc-a8706782c5af,\N,2025-05-15 16:33:06.74833,\N,2025-05-15 16:33:06.748331,15,\N,Frais PAIEMENT GLOVO,f,Frais PAIEMENT GLOVO,D
c308f45e-dbd9-492e-9919-8a20c47a43f2,\N,2025-05-15 22:30:31.867301,\N,2025-05-15 22:30:31.867302,EN,\N,PAIEMENT CNTE,f,PAIEMENT CNTE,D
ecbf2e5a-b5dd-4855-95c6-455cf3563c29,\N,2025-05-15 22:30:31.898861,\N,2025-05-15 22:30:31.898862,TX,\N,PAIEMENT STA,f,PAIEMENT STA,D
c428964b-5929-4480-a569-cb2ef1bc3b27,\N,2025-05-17 00:27:18.042767,\N,2025-05-17 00:27:18.042769,TT,\N,PAIEMENT TT,f,PAIEMENT TT,D
bca31279-54f2-4e7a-876a-7f4f4ae7e80f,\N,2025-05-17 10:51:03.913007,\N,2025-05-17 10:51:03.913009,A4,\N,Frais RIA_VIR,f,Frais RIA_VIR,D
38d92f58-8541-41f2-bf54-598362c2ba50,\N,2025-05-17 10:51:03.916035,\N,2025-05-17 10:51:03.916037,RI,\N,RIA_Virement,f,RIA_Virement,D
5c3152cf-2f26-44a1-9b7d-2c153e2297d9,\N,2025-05-17 18:18:53.66954,\N,2025-05-17 18:18:53.669542,TE,\N,Frais PAIEMENT TT,f,Frais PAIEMENT TT,D
ec806260-e12c-40e6-9a31-88313a7f9391,\N,2025-05-17 18:18:53.696538,\N,2025-05-17 18:18:53.69654,ET,\N,PAIEMENT  TT,f,PAIEMENT  TT,C
e42bd384-504f-4f02-8ccd-ac819569fb4d,\N,2025-05-17 22:07:08.504747,\N,2025-05-17 22:07:08.504749,P9,\N,PAY OOREDOO,f,PAY OOREDOO,C
9af867d0-4ac4-4762-bfe0-f10667901d36,\N,2025-05-17 22:07:08.530879,\N,2025-05-17 22:07:08.530881,A6,\N,Frais PAY OOREDOO,f,Frais PAY OOREDOO,D
c59569f6-4e72-48f9-8a00-704dab87f503,\N,2025-05-17 22:26:41.057224,\N,2025-05-17 22:26:41.057226,A5,\N,Frais PAIEMENT TT,f,Frais PAIEMENT TT,D
54d11f1e-eefa-4bad-be03-d2d82ab99132,\N,2025-05-17 22:26:41.060613,\N,2025-05-17 22:26:41.060614,T8,\N,PAIEMENT TT,f,PAIEMENT TT,C
c6ed3274-1938-427e-a13b-9be1a2447bcf,\N,2025-05-06 10:20:57.531142,\N,2025-05-18 00:01:01.898669,RO,\N,PAIEMENT ATOME,f,Annulation PAIEMENT ORREDOO,D
abad29e1-09db-4082-baab-060b77304033,\N,2025-05-18 00:01:01.901251,\N,2025-05-18 00:01:01.901253,OF,\N,Rev F PAIEMENT ORREDOO,f,Rev F PAIEMENT ORREDOO,C
785c2a77-0fae-492b-9cfe-34ad850e9ad6,\N,2025-05-20 00:00:29.866757,\N,2025-05-20 00:00:29.868942,A7,\N,Frais PAY TOPNET,f,Frais PAY TOPNET,D
1b9287bc-c948-4109-bfdd-bb2c03b3f542,\N,2025-05-20 00:00:29.843252,\N,2025-05-20 00:00:29.871478,O3,\N,Frais PAIEMENT ATOME,f,Frais PAIEMENT ATOME,D
b0d8b852-f478-45ac-9457-ea22243bd3a0,\N,2025-05-20 00:00:29.849634,\N,2025-05-20 00:00:29.876272,O2,\N,PAIEMENT ATOME,f,PAIEMENT ATOME,C
fd23142f-edce-4569-993c-4c6b737535cd,\N,2025-05-20 00:00:29.854598,\N,2025-05-20 00:00:29.878901,T9,\N,PAY TOPNET,f,PAY TOPNET,C
e2f837b9-97a6-48da-905b-5aeb918c7522,\N,2025-06-25 18:30:00.433217,\N,2025-06-25 18:30:00.433219,Q2,\N,PAIEMENT  BEE,f,PAIEMENT  BEE,C
286a3229-60d9-4890-a444-65b6cab0c3dd,\N,2025-05-26 00:00:25.722376,\N,2025-05-26 00:00:25.722377,O6,\N,Frais PAY TAKAFUL,f,Frais PAY TAKAFUL,D
62980135-d33f-4cb9-b377-8d097a19d495,\N,2025-05-26 00:00:25.725312,\N,2025-05-26 00:00:25.725314,O5,\N,PAY TAKAFUL,f,PAY TAKAFUL,C
9b632213-977b-4034-9e4b-b5bb7c01e8fb,\N,2025-05-26 00:00:25.729086,\N,2025-05-26 00:00:25.730436,PO,\N,PAIEMENT  TAKAFUL,f,PAIEMENT  TAKAFUL,C
fe2cff61-8451-4ec3-aee1-a3a043aa66d4,\N,2025-05-26 00:00:25.732367,\N,2025-05-26 00:00:25.732368,FI,\N,F TAKAFUL,f,F TAKAFUL,D
fe6aceee-58e6-4263-a334-e857702b85a5,\N,2025-05-26 00:00:56.723437,\N,2025-05-26 00:00:56.725973,OP,\N,PAY TAKAFUL,f,PAY TAKAFUL,D
8924f628-6594-406c-86f7-3f01c143b1a6,\N,2025-05-31 00:00:29.213403,\N,2025-05-31 00:00:29.213408,V2,\N,PAIEMENT  TN BOOKING,f,PAIEMENT  TN BOOKING,C
41972c7e-a107-49b0-90aa-07cf776aedf5,\N,2025-05-31 00:00:29.22202,\N,2025-05-31 00:00:29.222024,V3,\N,Frais PAIEMENT TN BOOKING,f,Frais PAIEMENT TN BOOKING,D
ec8aa2b9-7b7e-4958-91b8-7ad830313d0a,\N,2025-05-31 00:01:05.923364,\N,2025-05-31 00:01:05.923368,V1,\N,PAIEMENT TN BOOKING,f,PAIEMENT TN BOOKING,D
57bc212e-d2e1-4428-9923-ea1cbbe938e9,\N,2025-06-11 00:00:28.745904,\N,2025-06-11 00:00:28.745907,M1,\N,MG CASH,f,MG CASH,C
a79298a0-ba5a-4265-8288-f4c046c9d48a,\N,2025-06-11 00:00:28.752754,\N,2025-06-11 00:00:28.752756,RL,\N,RIA CASH,f,RIA CASH,C
a66c8a46-10e9-444a-af9b-711dff96c584,\N,2025-04-19 00:00:27.683639,\N,2025-06-11 00:00:28.755613,W1,\N,MTO CASH,f,WU CASH,C
b92d3eb3-3a8e-4a2f-bf50-4cff6af3a306,\N,2025-04-17 18:51:05.617723,\N,2025-06-13 14:08:29.780125,W1,\N,MTO CASH,f,Rev WU CASH,D
45b957c1-43cd-4cd8-85a1-b2eda9cef83f,\N,2025-06-18 11:54:30.204658,\N,2025-06-18 11:54:30.204659,M1,\N,Rev MG CASH,f,Rev MG CASH,D
ddaa49b9-5005-4f90-add7-fcf6a90a2f7e,\N,2025-06-18 11:54:30.207782,\N,2025-06-18 11:54:30.207783,RL,\N,Rev RIA CASH,f,Rev RIA CASH,D
cc3fb138-ffbe-4b22-9e83-d5426127d5ca,\N,2025-06-26 00:00:32.020912,\N,2025-06-26 00:00:32.020914,H1,\N,RECHARGE OO,f,RECHARGE OO,D
08e939ae-af2c-428f-8ece-5862e56de5d3,\N,2025-06-26 00:00:32.022392,\N,2025-06-26 00:00:32.022393,Q1,\N,PAIEMENT BEE,f,PAIEMENT BEE,D
f59e0e1a-fccf-44ee-ba5b-02bb25b88cf0,\N,2025-06-26 00:00:32.004001,\N,2025-06-26 00:00:32.055045,Q8,\N,Frais PAIEMENT BEE,f,Frais PAIEMENT BEE,D
176ee7e7-3e7f-4be6-b71b-89fa47e940cc,\N,2025-06-26 00:00:32.011617,\N,2025-06-26 00:00:32.053515,Q7,\N,PAY BEE,f,PAY BEE,C
85ec1004-4b4f-4f0c-8d28-6cd682a6ef8a,\N,2025-06-27 11:38:23.129482,\N,2025-06-27 11:38:23.129484,9F,\N,Frais EMISSION TA7WEEL,f,Frais EMISSION TA7WEEL,C
51f04f82-0f5f-4fe5-8ad6-edc2b6eff3e3,\N,2025-06-27 11:38:23.133221,\N,2025-06-27 11:38:23.133223,H1,\N,Redressement RECHARGE OO,f,Redressement RECHARGE OO,C
bf399b68-36c8-403d-ab50-a1c531a66f82,\N,2025-06-28 00:00:54.69246,\N,2025-06-28 00:00:54.692461,9F,\N,R Frais  EMISSION TA7WEEL,f,R Frais  EMISSION TA7WEEL,D
f2abd319-1f10-498c-8ecd-92b25dad9ba4,\N,2025-07-03 04:01:11.994852,\N,2025-07-03 04:01:11.994856,G4,\N,EMISSION TA7WEEL,f,EMISSION TA7WEEL,C
5d0afd1d-d265-4c91-86ad-75508e1160e5,\N,2025-05-16 00:01:14.477356,\N,2025-10-06 10:47:07.772229,OR,\N,PAIEMENT ORREDOO,f,PAIEMENT ATOME,C
9216e0b5-438b-459f-be13-614d6f08b1ba,\N,2025-12-17 04:00:21.864609,\N,2025-12-17 04:00:21.871315,O5,\N,Rev PAY TAKAFUL,f,Rev PAY TAKAFUL,D
89aeccb4-4580-4307-ba72-756c38588c43,\N,2025-07-09 04:00:19.636803,\N,2025-07-09 04:00:19.695471,Q3,\N,Frais PAIEMENT BEE,f,Frais PAIEMENT BEE,D
d781361f-6fa0-462c-ada4-dddab22e621b,\N,2025-07-25 04:01:19.769663,\N,2025-07-25 04:01:19.791977,D7,\N,FR CashOUT GAB,f,FR CashOUT GAB,D
846c6b20-f9ec-46df-b07c-2a559f4b9b77,\N,2025-08-07 08:25:53.174689,\N,2025-08-07 08:25:53.17469,DC,\N,Decharchement par Vir,f,Decharchement par Vir,D
0d5c1e11-9ff9-438f-a536-1a44034d6c2e,\N,2025-08-07 09:26:22.305371,\N,2025-08-07 09:26:22.305373,DC,\N,Rev Decharchement par Vir,f,Rev Decharchement par Vir,C
ca7766f0-8636-485f-be2c-1fbce7532675,\N,2025-08-27 04:00:20.550762,\N,2025-08-27 04:00:20.557947,G1,\N,RECHARGE ORG,f,RECHARGE ORG,D
ce8c0fe9-831e-41fb-8cec-f7493a78ac0c,\N,2025-08-27 04:00:20.552405,\N,2025-08-27 04:00:20.55972,G1,\N,Redressement RECHARGE ORG,f,Redressement RECHARGE ORG,C
75e9121c-4502-4dc0-9d3a-656e3c4d3a8c,\N,2025-08-27 04:00:20.544143,\N,2025-08-27 04:00:20.563161,VT,\N,Redressement RECHARGE TT,f,Redressement RECHARGE TT,C
e5751ea1-3f49-4dd6-bd73-4dc986bde9ad,\N,2025-09-03 15:00:39.633778,\N,2025-09-03 15:00:39.63378,SD,\N,TAPTAP SEND,f,TAPTAP SEND,D
e0202847-0f89-4479-9e94-0b6d4d6b7386,\N,2025-09-04 04:01:20.067014,\N,2025-09-04 04:01:20.067017,DS,\N,TAPTAP SEND,f,TAPTAP SEND,C
79ce08ab-fb27-41e8-895a-876439944617,\N,2025-09-18 08:45:53.503295,\N,2025-09-18 08:45:53.503297,TT,\N,Annulation PAIEMENT TT,f,Annulation PAIEMENT TT,C
7ea4eba0-ff47-4609-a20e-3ced5df4127f,\N,2025-09-18 15:23:48.932026,\N,2025-09-18 15:23:48.932028,O8,\N,Club Privilege,f,Club Privilege,C
c90571cf-41f6-42fd-8e99-e473de8c711f,\N,2025-12-24 04:00:51.288608,\N,2025-12-24 04:00:51.290801,E2,\N,Frais PAIEMENT MOBILE,f,Frais PAIEMENT MOBILE,D
0f01d45f-6693-438b-83e2-36864a00f634,\N,2025-12-24 04:00:51.253191,\N,2025-12-24 04:00:51.307939,GE,\N,PAIEMENT MOBILE,f,PAIEMENT MOBILE,C
422572ae-5c2c-4340-a587-eb59b9549666,\N,2026-01-21 16:31:53.67291,\N,2026-01-21 16:31:53.672912,2C,\N,recep COUPON,f,recep COUPON,C
1511983b-f5ee-467a-8185-fcfa729fbb19,\N,2025-09-19 04:00:37.913539,\N,2025-09-19 04:00:37.954832,ET,\N,Annulation PAIEMENT TT,f,Annulation PAIEMENT TT,D
afffde36-d168-4dc9-8204-538bc629015a,\N,2025-09-24 09:49:50.091543,\N,2025-09-24 09:49:50.091544,DF,\N,FRAIS TAPTAP_cash,f,FRAIS TAPTAP_cash,D
1fdf3d08-f686-497f-88a1-ec8f8fbb7019,\N,2025-09-24 13:54:20.657404,\N,2025-09-24 13:54:20.657405,KT,\N,Recouvrement Tamkeen,f,Recouvrement Tamkeen,C
a42a6832-3ad6-48d9-be1e-4779e6739a29,\N,2025-09-24 13:54:20.663195,\N,2025-09-24 13:54:20.663197,FK,\N,Frais Recouvrement Tamkeen,f,Frais Recouvrement Tamkeen,D
a96244b5-fc37-4276-9799-be51fd4e6125,\N,2025-09-25 04:01:04.215204,\N,2025-09-25 04:01:04.215206,TK,\N,Recouvrement Tamkeen,f,Recouvrement Tamkeen,D
aab9a621-4e71-4ef6-b1ce-c1bf1eea0377,\N,2025-10-21 17:10:23.050658,\N,2025-10-21 17:10:23.050663,PU,\N,PAIEMENT Presto,f,PAIEMENT Presto,D
291a2544-8036-4765-9b0e-02b7493d35b9,\N,2026-01-21 16:31:53.732214,\N,2026-01-21 16:31:53.732215,9C,\N,RECEPTION COUPON CASH,f,RECEPTION COUPON CASH,D
ec05eaff-cdbc-4b17-ae03-1381d4af9bc6,\N,2026-02-03 04:01:29.870505,\N,2026-02-03 04:01:29.870507,OL,\N,OLEA_cash,f,OLEA_cash,C
c08959c0-77e0-4185-a632-a0ceb2d89c35,\N,2026-02-03 04:01:53.602345,\N,2026-02-03 04:01:53.602347,LO,\N,OLEA_cash,f,OLEA_cash,D
42711f58-ab28-42f0-bc9d-320cd5c88498,\N,2025-05-15 12:23:15.933733,\N,2026-02-05 04:00:42.02408,OF,\N,Frais PAIEMENT ORREDOO,f,Frais PAIEMENT ORREDOO,D
79ac4b90-e18c-4cdf-b36c-7973015d2f90,\N,2025-10-22 04:01:20.682505,\N,2025-10-22 04:01:20.700072,19,\N,Frais PAIEMENT Presto,f,Frais PAIEMENT Presto,D
1b633e31-6332-4533-9dba-8d604e01e790,\N,2026-02-10 16:57:28.834395,\N,2026-02-10 16:57:28.834398,SY,\N,PAIEMENT YASSIR,f,PAIEMENT YASSIR,C
234c2bc3-d1a2-4c7e-862c-f0aa22fc29d4,\N,2026-02-10 16:57:28.84332,\N,2026-02-10 16:57:28.843323,G8,\N,Frais PAIEMENT GLOVO,f,Frais PAIEMENT GLOVO,D
ef7dadaa-b612-45b2-b3a2-59a441ae367e,\N,2025-10-22 04:01:20.655321,\N,2025-10-22 04:01:20.717053,UP,\N,PAIEMENT  Presto,f,PAIEMENT  Presto,C
b0dd0783-16d9-4708-987d-c98bf4ed69a0,\N,2025-10-29 08:37:32.13281,\N,2025-10-29 08:37:32.132812,V1,\N,Annulation PAIEMENT TN BOOKING,f,Annulation PAIEMENT TN BOOKING,C
dbdcd805-40d1-4cff-9dfe-26518c08cea3,\N,2026-02-10 16:57:28.845893,\N,2026-02-10 16:57:28.845896,OG,\N,PAIEMENT  GLOVO,f,PAIEMENT  GLOVO,C
268b3094-ebca-46b4-ba94-808236e4e5d5,\N,2026-02-10 16:57:28.850006,\N,2026-02-10 16:57:28.850008,YR,\N,Frais PAIEMENT YASSIR,f,Frais PAIEMENT YASSIR,D
dd34e293-d562-4847-bdb3-07e2d6d78dc8,\N,2026-02-10 18:01:47.809153,\N,2026-02-10 18:01:47.809155,YF,\N,PAIEMENT YASSIR FOOD,f,PAIEMENT YASSIR FOOD,D
703d838d-e580-4ff8-b522-24d1083b62b4,\N,2025-10-30 04:00:45.51116,\N,2025-10-30 04:00:45.558817,V2,\N,Annulation PAIEMENT TN BOOKING,f,Annulation PAIEMENT TN BOOKING,D
d4afb791-9965-41a6-8826-6ae8b1e6814e,\N,2023-11-04 22:22:54.680685,\N,2025-11-11 04:00:28.216344,04,\N,Rev Credit Agent Mand,f,Credit transfert inter agent,C
22ba6991-22e1-4a6d-9f52-000978fc3ed0,\N,2025-11-12 04:01:23.85249,\N,2025-11-12 04:01:23.859461,R5,\N,DECHARGEMENT MTO,f,DECHARGEMENT MTO,D
16fd4527-4236-4668-9618-8150b81e5f19,\N,2025-11-15 04:00:26.32673,\N,2025-11-15 04:00:26.326732,R4,\N,TRANSFERT MTO,f,TRANSFERT MTO,D
2e4e6661-ae25-462b-a030-8a58feaed963,\N,2025-11-15 04:01:23.277759,\N,2025-11-15 04:01:23.277761,R2,\N,TRANSFERT MTO,f,TRANSFERT MTO,C
a7e7b480-e948-4dfc-a715-188bc9c7d063,\N,2025-11-18 16:53:17.904671,\N,2025-11-18 16:53:17.904673,R4,\N,Annulation TRANSFERT MTO,f,Annulation TRANSFERT MTO,C
8603106d-7082-41b8-83f0-7a97cf892b8e,\N,2025-11-19 08:15:03.380207,\N,2025-11-19 08:15:03.380208,R5,\N,Rev DECHARGEMENT MTO,f,Rev DECHARGEMENT MTO,C
05092063-826d-4041-b6b9-42720cddad34,\N,2025-11-19 08:15:03.40525,\N,2025-11-19 08:15:03.405252,R2,\N,Annulation TRANSFERT MTO,f,Annulation TRANSFERT MTO,D
15a46df7-030f-4766-9fc4-c1d095d72a7e,\N,2025-12-10 14:33:53.109773,\N,2025-12-10 14:33:53.109776,N4,\N,Annulation Ta7weel Cash recu,f,Annulation Ta7weel Cash recu,D
a14d7b56-b361-45b2-9211-8a39f175f55f,\N,2025-12-10 14:33:53.119526,\N,2025-12-10 14:33:53.119529,N4,\N,Annulation Ta7weel Cash recu,f,Annulation Ta7weel Cash recu,D
369688b9-4d6f-450b-9e27-0da53cb8ed9b,\N,2025-12-10 14:33:53.148976,\N,2025-12-10 14:33:53.148979,L2,\N,Annulation Collecte Cash,f,Annulation Collecte Cash,C
15a78a72-c27e-4fe7-8eac-8446d1ece17a,\N,2025-12-10 14:33:53.153073,\N,2025-12-10 14:33:53.153075,L2,\N,Annulation Collecte Cash,f,Annulation Collecte Cash,C
134b450e-40ae-48f2-b141-0905247caa3a,\N,2026-02-10 18:01:47.812604,\N,2026-02-10 18:01:47.812606,YS,\N,PAIEMENT YASSIR,f,PAIEMENT YASSIR,D
f1b21d6f-7d1c-4478-b84a-dcea823cb66f,\N,2026-02-10 18:01:47.814814,\N,2026-02-10 18:01:47.814815,GO,\N,PAIEMENT GLOVO,f,PAIEMENT GLOVO,D
6c8fbd92-3bf4-4aeb-b264-a1de79d2f792,\N,2026-02-10 18:18:14.591527,\N,2026-02-10 18:18:14.59153,YY,\N,PAIEMENT YASSIR FOOD,f,PAIEMENT YASSIR FOOD,C
96cec736-152a-4924-b43e-541f43f252c4,\N,2026-02-10 18:18:14.595431,\N,2026-02-10 18:18:14.595434,YI,\N,Frais PAIEMENT YASSIR FOOD,f,Frais PAIEMENT YASSIR FOOD,D
